{
  "net_arch": [
    128,
    128
  ],
  "learning_rate": 0.00011309801694441539,
  "gamma": 0.992508761982374,
  "batch_size": 128,
  "tau": 0.031137514726957822
}