{
  "net_arch": [
    64,
    64
  ],
  "learning_rate": 0.00016777442365809928,
  "gamma": 0.9812102463326828,
  "batch_size": 64,
  "tau": 0.0955110410655346
}