{
  "net_arch": [
    256,
    256
  ],
  "learning_rate": 3.1381805041011545e-05,
  "gamma": 0.9861111548064847,
  "batch_size": 64,
  "tau": 0.0371268641991337
}