{
  "net_arch": [
    256,
    256
  ],
  "learning_rate": 0.0003425661053062599,
  "gamma": 0.9896423821233282,
  "batch_size": 256,
  "tau": 0.029547897028468648
}