{
  "net_arch": [
    64,
    64
  ],
  "learning_rate": 0.0006447049299986306,
  "gamma": 0.9846560169562043,
  "batch_size": 128,
  "tau": 0.04373943698116666
}