{
  "net_arch": [
    128,
    128
  ],
  "learning_rate": 0.00011146921416253325,
  "gamma": 0.9928634404728571,
  "batch_size": 128,
  "tau": 0.0437390492533069
}